<?xml version="1.0" encoding="UTF-8"?>
<schemalist>
  <schema path="/io/elementary/appcenter/settings/" id="io.elementary.appcenter.settings">
    <key name="window-maximized" type="b">
      <default>false</default>
      <summary>Whether the window was maximized on last run</summary>
      <description>Whether the window was maximized on last run</description>
    </key>
    <key name="window-height" type="i">
      <default>660</default>
      <summary>Most recent window height</summary>
      <description>Most recent window height</description>
    </key>
    <key name="window-width" type="i">
      <default>1024</default>
      <summary>Most recent window width</summary>
      <description>Most recent window width</description>
    </key>
    <key type="b" name="developer-mode">
      <default>false</default>
      <summary>The user is a developer</summary>
      <description>Mode that allows the user to see more packages with development purposes</description>
    </key>
    <key type="as" name="paid-apps">
      <default>[]</default>
      <summary>List of paid-for applications</summary>
      <description>A list of appstream IDs which have been paid for</description>
    </key>
    <key type="x" name="last-refresh-time">
      <default>0</default>
      <summary>Unix UTC time of last cache refresh</summary>
      <description>Used to determine when AppCenter last refreshed its caches and checked for package updates</description>
    </key>
    <key type="b" name="automatic-updates">
      <default>true</default>
      <summary>Automatic updates</summary>
      <description>Whether to automatically install updates to curated Flatpak apps</description>
    </key>
  </schema>
</schemalist>
