<?xml version="1.0" encoding="UTF-8"?>
<gresources>
  <gresource prefix="/io/elementary/appcenter/icons">
    <file alias="48x48/categories/appcenter-accessibility-symbolic.svg" compressed="true" preprocess="xml-stripblanks">categories/48/accessibility.svg</file>
    <file alias="48x48/categories/appcenter-audio-symbolic.svg" compressed="true" preprocess="xml-stripblanks">categories/48/audio.svg</file>
    <file alias="48x48/categories/appcenter-games-symbolic.svg" compressed="true" preprocess="xml-stripblanks">categories/48/games.svg</file>
    <file alias="48x48/categories/appcenter-multimedia-symbolic.svg" compressed="true" preprocess="xml-stripblanks">categories/48/multimedia.svg</file>
    <file alias="48x48/categories/appcenter-office-symbolic.svg" compressed="true" preprocess="xml-stripblanks">categories/48/office.svg</file>
    <file alias="48x48/categories/appcenter-video-symbolic-rtl.svg" compressed="true" preprocess="xml-stripblanks">categories/48/video-rtl.svg</file>
    <file alias="48x48/categories/appcenter-video-symbolic.svg" compressed="true" preprocess="xml-stripblanks">categories/48/video.svg</file>
    <file alias="48x48/categories/appcenter-finance-symbolic.svg" compressed="true" preprocess="xml-stripblanks">categories/48/finance.svg</file>

    <file alias="16x16/categories/currency-dollar-symbolic.svg" compressed="true" preprocess="xml-stripblanks">currency-dollar-symbolic.svg</file>
    <file alias="16x16/categories/link-contribute-symbolic.svg" compressed="true" preprocess="xml-stripblanks">link-contribute.svg</file>
    <file alias="16x16/categories/link-vcs-symbolic.svg" compressed="true" preprocess="xml-stripblanks">link-vcs.svg</file>
    <file alias="16x16/apps/internet-mail-symbolic.svg"compressed="true" preprocess="xml-stripblanks">internet-mail-symbolic.svg</file>
    <file alias="16x16/apps/web-browser-symbolic.svg" compressed="true" preprocess="xml-stripblanks">web-browser-symbolic.svg</file>
    <file alias="16x16/mimetypes/text-x-copying-symbolic.svg" compressed="true" preprocess="xml-stripblanks">text-x-copying-symbolic.svg</file>

    <file alias="scalable/categories/flatpak-eol-symbolic.svg" compressed="true" preprocess="xml-stripblanks">oars/old-runtime.svg</file>
    <file alias="scalable/categories/sandbox-autostart-symbolic.svg" compressed="true" preprocess="xml-stripblanks">oars/sandbox-autostart.svg</file>
    <file alias="scalable/categories/sandbox-escape-symbolic.svg" compressed="true" preprocess="xml-stripblanks">oars/sandbox-escape.svg</file>
    <file alias="scalable/categories/sandbox-files-symbolic.svg" compressed="true" preprocess="xml-stripblanks">oars/sandbox-files.svg</file>
    <file alias="scalable/categories/sandbox-files-warning-symbolic.svg" compressed="true" preprocess="xml-stripblanks">oars/sandbox-files-warning.svg</file>
    <file alias="scalable/categories/sandbox-location-symbolic.svg" compressed="true" preprocess="xml-stripblanks">oars/sandbox-location.svg</file>
    <file alias="scalable/categories/sandbox-notifications-symbolic.svg" compressed="true" preprocess="xml-stripblanks">oars/sandbox-notifications.svg</file>
    <file alias="scalable/categories/sandbox-settings-symbolic.svg" compressed="true" preprocess="xml-stripblanks">oars/sandbox-settings.svg</file>

    <file alias="scalable/categories/oars-chat-symbolic.svg" compressed="true" preprocess="xml-stripblanks">oars/chat.svg</file>
    <file alias="scalable/categories/oars-conflict-symbolic.svg" compressed="true" preprocess="xml-stripblanks">oars/conflict.svg</file>
    <file alias="scalable/categories/oars-gambling-symbolic.svg" compressed="true" preprocess="xml-stripblanks">oars/gambling.svg</file>
    <file alias="scalable/categories/oars-offensive-language-symbolic.svg" compressed="true" preprocess="xml-stripblanks">oars/language.svg</file>
    <file alias="scalable/categories/oars-sex-nudity-symbolic.svg" compressed="true" preprocess="xml-stripblanks">oars/nudity.svg</file>
    <file alias="scalable/categories/oars-socal-info-symbolic.svg" compressed="true" preprocess="xml-stripblanks">oars/social-info.svg</file>
    <file alias="scalable/categories/oars-socal-location-symbolic.svg" compressed="true" preprocess="xml-stripblanks">oars/social-location.svg</file>
    <file alias="scalable/categories/metainfo-locale.svg" compressed="true" preprocess="xml-stripblanks">oars/locale.svg</file>
    <file alias="scalable/categories/runtime-elementary-symbolic.svg" compressed="true" preprocess="xml-stripblanks">oars/runtime-elementary.svg</file>
    <file alias="scalable/categories/oars-illicit-substance-symbolic.svg" compressed="true" preprocess="xml-stripblanks">oars/substance.svg</file>
    <file alias="scalable/categories/oars-violence-symbolic.svg" compressed="true" preprocess="xml-stripblanks">oars/violence.svg</file>
  </gresource>
  <gresource prefix="/io/elementary/appcenter/backgrounds">
    <file alias="audio.svg" compressed="true" preprocess="xml-stripblanks">audio.svg</file>
    <file alias="audio@2x.svg" compressed="true" preprocess="xml-stripblanks">audio@2x.svg</file>
    <file alias="education.svg" compressed="true" preprocess="xml-stripblanks">education.svg</file>
    <file alias="education@2x.svg" compressed="true" preprocess="xml-stripblanks">education@2x.svg</file>
    <file alias="graphics.svg" compressed="true" preprocess="xml-stripblanks">graphics.svg</file>
    <file alias="graphics-rtl.svg" compressed="true" preprocess="xml-stripblanks">graphics-rtl.svg</file>
    <file alias="graphics@2x.svg" compressed="true" preprocess="xml-stripblanks">graphics@2x.svg</file>
    <file alias="graphics-rtl@2x.svg" compressed="true" preprocess="xml-stripblanks">graphics-rtl@2x.svg</file>
    <file alias="science.svg" compressed="true" preprocess="xml-stripblanks">science.svg</file>
  </gresource>
</gresources>
